{"acc": 0.7403288813064142, "loss": 0.19194389811393225, "_timestamp": 1691207494.114663, "_runtime": 2.9629909992218018, "_step": 7, "_wandb": {"runtime": 2}}